Timestamp,Titre de la session | Title,Résume | Abstract,Quels bénéfices vont en retirer les participants ? | What will be the benefits for the participants?,Niveau | Level,Format | Format,Thèmes | Themes,Nombre de participants maxi | Maximum number of participants,"Dispositions particulières de la salle, Remarques | Room requirements, Remarks.",Prénom | First Name,Nom | Last Name,email,Téléphone | Phone,Entreprise | Company,Web site / Blog / Twitter...,Bio | Biography,Prénom | First Name,Nom | Last Name,email,Téléphone | Phone,Entreprise | Company,Web site / Blog / Twitter...,Bio | Biography,Prénom | First Name,Nom | Last Name,email,Téléphone | Phone,Entreprise | Company,Web site / Blog / Twitter...,Bio | Biography,Prénom | First Name,Nom | Last Name,email,Téléphone | Phone,Entreprise | Company,Web site / Blog / Twitter...,Bio | Biography,Durée | Duration,Interne: mail de confirmation envoyé à l'orateur
,,,,,,,,,,,,,,,,,,,,,,,,,,,,,,,,,,,,,,
5/25/2012 13:51:59,Approche pragmatique pour industrialiser le développement d’applications,"Aujourd’hui, alors que le marché ne parle plus que d’industrialisation, la réalité des équipes de développement ne s’est pas éloignée de l’artisanat. Pendant des années, de nombreux éditeurs de logiciel se sont escrimés sur le sujet, proposant des méthodes très riches, systémiques, souvent inutilisables sans mettre en œuvre des outils si complexes qu’un individu normalement constitué ne pouvait les appréhender. Si complexes qu’après être utilisés en début de projet, au prix d’efforts extrêmes, ils étaient rapidement mis au placard.

Nous avons tous en tête quelques projets qui ont pris un mauvais tournant. Ces projets sont riches d’enseignement, mais souvent délaissés : on préfère enterrer les problèmes plutôt que de les disséquer.

Si une méthode garantissait le succès d’un projet, cela se saurait. Les intégristes de la méthode, s’ils existent encore, sont en voie de disparition. Lorsque toute l’énergie de l’équipe se focalise sur le respect aveugle d’une méthode, le risque que la cible initiale (réussir le projet) se déplace loin des exigences du terrain est très fort. La méthode doit rester un support au projet, un accélérateur structurant, un guide de formateur, un outil pour capitaliser les bonnes pratiques, la bonne méthode est celle qui est tellement en osmose avec le quotidien des équipes, croire qu’une équipe peur réussir à mettre en pratique une méthode sans le support d’outils relève de l’utopie. Mais croire qu’une méthode va réussir parce qu’on a mise en place des outils dont l’objectif principal est de mettre en œuvre une méthode l’est tout autant.

Pour conclure la réflexion, la confusion la plus importante serait de croire qu’un bon mixte Outils-Méthodes suffit pour s’affranchir de tout problème. Le premier facteur clé de succès d’un projet, ce sont les hommes. Penser que les référentiels d’amélioration des processus, les méthodes et les outils favorisent une industrialisation capable de réduire les individus à des simples pions facilement remplaçables et externalisables serait une grave erreur.

Au contraire. Méthodes et outils doivent permettre aux individus d’exprimer pleinement leur potentiel en réduisant et en automatisant les tâches à faible valeur ajoutée, en fournissant un support transverse de collaboration et de workflow et des gains de productivité. C’est la somme des potentiels individuels, bien coordonnés, qui garantit le succès final du projet.","Réussir l'adoption des pratiques agiles ainsi l’industrialisation de développement avec un équilibre Méthode, Outil, Hommes","Débutant | Beginner, Confirmé | Skilled, Expert | Expert",Conférence | Conference,DevOps | DevOps,,,Hicham,AIT BASLAM,hichaaslam@gagamail.com,212661006741,,http://haitbaslam.wordpress.com,"Une expérience de plus de 11 ans, passée dans le conseil et le management de projets complexes à traiter de problématique d’intégration et d’architecture SI (FrontOffice, Backoffice), de refonte en SI Agile, d’apports de conseil et de méthode à la maîtrise d’ouvrage et maîtrise d’oeuvre. Elle est constituée sur le terrain par de nombreuses missions (Refonte SI Stratégique, Transformation SI, Urbanisation et Architecture SI, Architecture SOA et agilité SI, Solutions E-Business, Nouvelle expérience utilisateurs RIA, Industrialisation et usine de développement, Adoption et pratique des méthodes agiles, Management de projets complexes, Business développement de plusieurs SSII, développement de nouvelles offres sur le marché). Toutes ces expériences m’ont permis d’avoir une vision générale des systèmes d’information éclairés sous différents angles et sur les solutions globales à haute valeur ajoutée.

Aujourd’hui, je me consacre entièrement à accompagner les entreprises à réussir l'agilité de leur SI et à la traduction de la vision stratégique en résultat.",,,,,,,,,,,,,,,,,,,,,,50 minutes,OK le 29/05
6/3/2012 14:40:57,Challenge Kanban,"Vous voulez découvrir le Kanban par la pratique?
Vous voulez savoir combien de dollars vous allez gagner avec votre nouvelle start-up en 21 jours? Et si vous ferez-vous les bons choix d'injection, de sélection ou d'allocation pour établir le nouveau record?

Alors venez relever le challenge atelier Kanban!","Vous y découvrirez comment fonctionne un système kanban avec ses limites kanban, les classes de service et les cartes de contrôles avec cet atelier ",Débutant | Beginner,Atelier pratique / Jeu | Practical Workshop / Game,Kanban,12,Pouvoir organiser les tables par équipe,Laurent,morisseau,laureau@googomail.com,608346355,Morisseau Consulting,"Site web : www.morisseauconsulting.com
Twitter : @lmorisseau","Coach et formateur Agile/Kanban
Certified Scrum Coach
Co-fondateur fédération agile
Fondateur AgileRennes et Agile Breizh",,,,,,,,,,,,,,,,,,,,,,120 minutes,OK le 04/06
6/9/2012 18:53:38,Duo de retour d’expérience sauce aigre douce ,"Alexis et Bruno vous proposent la représentation sur scène, et ce pour la première fois en France, des meilleurs moments de deux missions de coaching agile. La première est une réussite comme on peut les lire dans les meilleurs ouvrages... La seconde est un échec, ou plutôt une longue suite d’échecs... Les deux combinées représentent une occasion d’apprendre, de partager et d’améliorer votre pratique des méthodes agiles.","La mise en scène de situations typiques que l'on rencontre lors de la transition vers une utilisation des méthodes agiles permet aux différents publics de prendre conscience des enjeux de cette transformation.
Les participants vont également apprendre en se distrayant.
Ils vont aussi pouvoir dédramatiser l'échec.","Débutant | Beginner, Confirmé | Skilled, Expert | Expert",REX - Retour d'Expérience | Experience Reports,"Management | Management, Amélioration Continue | Continuous Improvement",50 (si en format atelier 120 min) pas de limite si format court,,Alexis,Monville,alexonville@aydsdeba.fr,675730480,Ayeba,"Blog : http://alexis.monville.com
Société : Ayeba - http://ayeba.fr

Twitter : http://twitter.com/alexismonville","20 ans d’expérience, depuis l’industrie automobile, l’épopée du démarrage d’Internet, le conseil, le secteur public, qui l’ont amené à fonder Ayeba, société de conseil en organisation combinant les domaines humain, management et digital pour accompagner la réussite des entreprises. Impliqué dans le monde associatif et conférencier dans les domaines du management, des méthodes agiles et du numérique.

Vous pouvez revivre l’expérience des billes rouges grâce à ce résumé vidéo enregistré lors de l’AgileTour Bordeaux : http://ayeba.fr/2011/11/experience-des-billes-rouges-2/",Bruno,Sbille,brunle@gmail.com,,ELLIBS SPRL,"http://brunosbille.com (Blog)

http://twitter.com/BrunoSbille","Je suis dans la consultance IT et Business depuis plus de 13 ans. En plus de mes expériences de développeurs et de chef de projet, j'ai pu découvrir de nouveaux ustensiles à ajouter dans ma boîte à outils : Scrum, Agile, la PNL, le Coaching, Le ""People Management"", Diverses Techniques de Créativité etc...

Je blogue régulièrement sur Scrum, Agile et le Management. 
http://brunosbille.com (Scrum and Agile in Belgium)

J'ai également produit (à l'aide de mon équipe) cette Vidéo dont le but est de promouvoir Scrum et les méthodes Agile. http://vimeo.com/4587652 (Scrum in the real world, an AGILE movie)",,,,,,,,,,,,,,,50 minutes,OK le 10/06